50000US0101,"Congressional District 1 (113th Congress), Alabama",DP02,SELECTED SOCIAL CHARACTERISTICS IN THE UNITED STATES,,0.5,0,1
50000US0101,"Congressional District 1 (113th Congress), Alabama",DP02,SELECTED SOCIAL CHARACTERISTICS IN THE UNITED STATES,,0.5,0,2
50000US0101,"Congressional District 1 (113th Congress), Alabama",DP02,HOUSEHOLDS BY TYPE,,0.8,0,3
50000US0101,"Congressional District 1 (113th Congress), Alabama",DP02,Total households,"+/-4,936",1,"264,513",10
50000US0101,"Congressional District 1 (113th Congress), Alabama",DP02,Family households (families),"+/-4,987",2,"183,106",11
50000US0101,"Congressional District 1 (113th Congress), Alabama",DP02,With own children under 18 years,"+/-3,663",3,"74,867",12
50000US0101,"Congressional District 1 (113th Congress), Alabama",DP02,Married-couple family,"+/-5,584",4,"125,791",13
50000US0101,"Congressional District 1 (113th Congress), Alabama",DP02,With own children under 18 years,"+/-3,588",5,"44,913",14
50000US0101,"Congressional District 1 (113th Congress), Alabama",DP02,"Male householder, no wife present, family","+/-2,065",6,"13,380",15
50000US0101,"Congressional District 1 (113th Congress), Alabama",DP02,With own children under 18 years,"+/-1,578",7,"5,501","264,513"
50000US0101,"Congressional District 1 (113th Congress), Alabama",DP02,"Female householder, no husband present, family","+/-3,104",8,"43,935","183,106"
50000US0101,"Congressional District 1 (113th Congress), Alabama",DP02,With own children under 18 years,"+/-2,333",9,"24,453","74,867"
50000US0101,"Congressional District 1 (113th Congress), Alabama",DP02,Nonfamily households,"+/-4,298",10,"81,407",80
50000US0101,"Congressional District 1 (113th Congress), Alabama",DP02,Householder living alone,"+/-4,411",11,"72,352",90
50000US0101,"Congressional District 1 (113th Congress), Alabama",DP02,65 years and over,"+/-2,042",12,"23,520",100
50000US0101,"Congressional District 1 (113th Congress), Alabama",DP02,Households with one or more people under 18 years,"+/-3,756",13,"86,747",110
50000US0101,"Congressional District 1 (113th Congress), Alabama",DP02,Households with one or more people 65 years and over,"+/-1,759",14,"71,045",120
50000US0101,"Congressional District 1 (113th Congress), Alabama",DP02,Average household size,+/-0.04,15,2.55,130
50000US0101,"Congressional District 1 (113th Congress), Alabama",DP02,Average family size,+/-0.07,16,3.12,140
50000US0101,"Congressional District 1 (113th Congress), Alabama",DP02,RELATIONSHIP,,16.5,3.12,150
50000US0101,"Congressional District 1 (113th Congress), Alabama",DP02,Population in households,"+/-4,646",17,"675,361",160
50000US0101,"Congressional District 1 (113th Congress), Alabama",DP02,Householder,"+/-4,936",18,"264,513",170
50000US0101,"Congressional District 1 (113th Congress), Alabama",DP02,Spouse,"+/-5,532",19,"125,723",180
50000US0101,"Congressional District 1 (113th Congress), Alabama",DP02,Child,"+/-6,471",20,"206,615",190
50000US0101,"Congressional District 1 (113th Congress), Alabama",DP02,Other relatives,"+/-5,960",21,"54,980",200
50000US0101,"Congressional District 1 (113th Congress), Alabama",DP02,Nonrelatives,"+/-3,432",22,"23,530",210
50000US0101,"Congressional District 1 (113th Congress), Alabama",DP02,Unmarried partner,"+/-1,749",23,"10,359",220
50000US0101,"Congressional District 1 (113th Congress), Alabama",DP02,MARITAL STATUS,,23.5,3.12,230
50000US0101,"Congressional District 1 (113th Congress), Alabama",DP02,Males 15 years and over,"+/-2,429",24,"262,696",240
50000US0101,"Congressional District 1 (113th Congress), Alabama",DP02,Never married,"+/-4,684",25,"84,363",250
50000US0101,"Congressional District 1 (113th Congress), Alabama",DP02,"Now married, except separated","+/-5,142",26,"134,654","6,295"
50000US0101,"Congressional District 1 (113th Congress), Alabama",DP02,Separated,"+/-1,353",27,"6,152","7,295"
50000US0101,"Congressional District 1 (113th Congress), Alabama",DP02,Widowed,"+/-1,178",28,"6,295","8,295"
50000US0101,"Congressional District 1 (113th Congress), Alabama",DP02,Divorced,"+/-3,047",29,"31,232","9,295"
50000US0101,"Congressional District 1 (113th Congress), Alabama",DP02,Females 15 years and over,"+/-2,156",30,"287,687","10,295"
50000US0101,"Congressional District 1 (113th Congress), Alabama",DP02,Never married,"+/-3,416",31,"73,848","11,295"
50000US0101,"Congressional District 1 (113th Congress), Alabama",DP02,"Now married, except separated","+/-6,266",32,"133,877","12,295"
50000US0101,"Congressional District 1 (113th Congress), Alabama",DP02,Separated,"+/-1,388",33,"7,441","13,295"
50000US0101,"Congressional District 1 (113th Congress), Alabama",DP02,Widowed,"+/-2,636",34,"31,008","14,295"
50000US0101,"Congressional District 1 (113th Congress), Alabama",DP02,Divorced,"+/-3,448",35,"41,513","15,295"
50000US0101,"Congressional District 1 (113th Congress), Alabama",DP02,FERTILITY,,35.5,3.12,"16,295"
50000US0101,"Congressional District 1 (113th Congress), Alabama",DP02,Number of women 15 to 50 years old who had a birth in the past 12 months,"+/-1,965",36,"12,799","17,295"
50000US0101,"Congressional District 1 (113th Congress), Alabama",DP02,"Unmarried women (widowed, divorced, and never married)","+/-1,285",37,"6,139","18,295"
50000US0101,"Congressional District 1 (113th Congress), Alabama",DP02,"Per 1,000 unmarried women",+/-14,38,68,"19,295"
50000US0101,"Congressional District 1 (113th Congress), Alabama",DP02,"Per 1,000 women 15 to 50 years old",+/-12,39,79,"20,295"
50000US0101,"Congressional District 1 (113th Congress), Alabama",DP02,"Per 1,000 women 15 to 19 years old",+/-11,40,21,40
50000US0101,"Congressional District 1 (113th Congress), Alabama",DP02,"Per 1,000 women 20 to 34 years old",+/-23,41,130,130
50000US0101,"Congressional District 1 (113th Congress), Alabama",DP02,"Per 1,000 women 35 to 50 years old",+/-14,42,47,210
50000US0101,"Congressional District 1 (113th Congress), Alabama",DP02,GRANDPARENTS,,42.5,3.12,290
50000US0101,"Congressional District 1 (113th Congress), Alabama",DP02,Number of grandparents living with own grandchildren under 18 years,"+/-2,545",43,"18,238",370
50000US0101,"Congressional District 1 (113th Congress), Alabama",DP02,Responsible for grandchildren,"+/-1,922",44,"10,045",450
50000US0101,"Congressional District 1 (113th Congress), Alabama",DP02,Years responsible for grandchildren,,44.9,3.12,530
50000US0101,"Congressional District 1 (113th Congress), Alabama",DP02,Less than 1 year,+/-827,45,"1,736",610
50000US0101,"Congressional District 1 (113th Congress), Alabama",DP02,1 or 2 years,+/-877,46,"2,112",690
50000US0101,"Congressional District 1 (113th Congress), Alabama",DP02,3 or 4 years,+/-909,47,"1,942",770
50000US0101,"Congressional District 1 (113th Congress), Alabama",DP02,5 or more years,"+/-1,142",48,"4,255",850
50000US0101,"Congressional District 1 (113th Congress), Alabama",DP02,Number of grandparents responsible for own grandchildren under 18 years,"+/-1,922",49,"10,045",930
50000US0101,"Congressional District 1 (113th Congress), Alabama",DP02,Who are female,"+/-1,282",50,"6,457","1,010"
50000US0101,"Congressional District 1 (113th Congress), Alabama",DP02,Who are married,"+/-1,507",51,"6,814",1090
50000US0101,"Congressional District 1 (113th Congress), Alabama",DP02,SCHOOL ENROLLMENT,,51.5,3.12,"1,170"
50000US0101,"Congressional District 1 (113th Congress), Alabama",DP02,Population 3 years and over enrolled in school,"+/-4,327",52,"175,816","1,250"
50000US0101,"Congressional District 1 (113th Congress), Alabama",DP02,"Nursery school, preschool","+/-1,675",53,"10,496",1330
50000US0101,"Congressional District 1 (113th Congress), Alabama",DP02,Kindergarten,"+/-1,858",54,"11,808","1,410"
50000US0101,"Congressional District 1 (113th Congress), Alabama",DP02,Elementary school (grades 1-8),"+/-2,865",55,"76,789","1,490"
50000US0101,"Congressional District 1 (113th Congress), Alabama",DP02,High school (grades 9-12),"+/-2,097",56,"36,900",1570
50000US0101,"Congressional District 1 (113th Congress), Alabama",DP02,College or graduate school,"+/-3,484",57,"39,823","1,650"
50000US0101,"Congressional District 1 (113th Congress), Alabama",DP02,EDUCATIONAL ATTAINMENT,,57.5,3.12,"1,730"
50000US0101,"Congressional District 1 (113th Congress), Alabama",DP02,Population 25 years and over,"+/-3,037",58,"459,927",1810
50000US0101,"Congressional District 1 (113th Congress), Alabama",DP02,Less than 9th grade,"+/-2,985",59,"21,406","1,890"
50000US0101,"Congressional District 1 (113th Congress), Alabama",DP02,"9th to 12th grade, no diploma","+/-4,273",60,"47,369","1,970"
50000US0101,"Congressional District 1 (113th Congress), Alabama",DP02,High school graduate (includes equivalency),"+/-5,865",61,"152,795",2050
50000US0101,"Congressional District 1 (113th Congress), Alabama",DP02,"Some college, no degree","+/-5,051",62,"104,173","2,130"
50000US0101,"Congressional District 1 (113th Congress), Alabama",DP02,Associate's degree,"+/-3,632",63,"35,168","2,210"
50000US0101,"Congressional District 1 (113th Congress), Alabama",DP02,Bachelor's degree,"+/-4,462",64,"64,131",2290
50000US0101,"Congressional District 1 (113th Congress), Alabama",DP02,Graduate or professional degree,"+/-3,216",65,"34,885","2,370"
50000US0101,"Congressional District 1 (113th Congress), Alabama",DP02,Percent high school graduate or higher,+/-1.2,66,85,"2,450"
50000US0101,"Congressional District 1 (113th Congress), Alabama",DP02,Percent bachelor's degree or higher,+/-1.0,67,21.5,2530
50000US0101,"Congressional District 1 (113th Congress), Alabama",DP02,VETERAN STATUS,,67.5,3.12,"2,610"
50000US0101,"Congressional District 1 (113th Congress), Alabama",DP02,Civilian population 18 years and over,"+/-2,774",68,"521,000","2,690"
50000US0101,"Congressional District 1 (113th Congress), Alabama",DP02,Civilian veterans,"+/-3,783",69,"59,792",2770
50000US0101,"Congressional District 1 (113th Congress), Alabama",DP02,DISABILITY STATUS OF THE CIVILIAN NONINSTITUTIONALIZED POPULATION,,69.5,3.12,"2,850"
50000US0101,"Congressional District 1 (113th Congress), Alabama",DP02,Total Civilian Noninstitutionalized Population,"+/-4,729",70,"678,014",1
50000US0101,"Congressional District 1 (113th Congress), Alabama",DP02,With a disability,"+/-5,365",71,"102,334",2
50000US0101,"Congressional District 1 (113th Congress), Alabama",DP02,Under 18 years,"+/-1,746",72,"166,477",3
50000US0101,"Congressional District 1 (113th Congress), Alabama",DP02,With a disability,"+/-1,822",73,"6,989",4
50000US0101,"Congressional District 1 (113th Congress), Alabama",DP02,18 to 64 years,"+/-4,247",74,"413,617",5
50000US0101,"Congressional District 1 (113th Congress), Alabama",DP02,With a disability,"+/-4,266",75,"56,865",6
50000US0101,"Congressional District 1 (113th Congress), Alabama",DP02,65 years and over,"+/-1,278",76,"97,920",7
50000US0101,"Congressional District 1 (113th Congress), Alabama",DP02,With a disability,"+/-2,211",77,"38,480",8
50000US0101,"Congressional District 1 (113th Congress), Alabama",DP02,RESIDENCE 1 YEAR AGO,,77.5,3.12,9
50000US0101,"Congressional District 1 (113th Congress), Alabama",DP02,Population 1 year and over,"+/-3,824",78,"680,426",10
50000US0101,"Congressional District 1 (113th Congress), Alabama",DP02,Same house,"+/-8,826",79,"580,369",11
50000US0101,"Congressional District 1 (113th Congress), Alabama",DP02,Different house in the U.S.,"+/-8,421",80,"97,319",12
50000US0101,"Congressional District 1 (113th Congress), Alabama",DP02,Same county,"+/-8,064",81,"71,362",13
50000US0101,"Congressional District 1 (113th Congress), Alabama",DP02,Different county,"+/-4,261",82,"25,957",14
50000US0101,"Congressional District 1 (113th Congress), Alabama",DP02,Same state,"+/-2,270",83,"9,929",15
50000US0101,"Congressional District 1 (113th Congress), Alabama",DP02,Different state,"+/-3,994",84,"16,028",16
50000US0101,"Congressional District 1 (113th Congress), Alabama",DP02,Abroad,"+/-1,368",85,"2,738",17
50000US0101,"Congressional District 1 (113th Congress), Alabama",DP02,PLACE OF BIRTH,,85.5,3.12,18
50000US0101,"Congressional District 1 (113th Congress), Alabama",DP02,Total population,"+/-3,276",86,"689,110",19
50000US0101,"Congressional District 1 (113th Congress), Alabama",DP02,Native,"+/-3,904",87,"667,618",20
50000US0101,"Congressional District 1 (113th Congress), Alabama",DP02,Born in United States,"+/-4,253",88,"663,985",21
50000US0101,"Congressional District 1 (113th Congress), Alabama",DP02,State of residence,"+/-10,000",89,"476,619",22
50000US0101,"Congressional District 1 (113th Congress), Alabama",DP02,Different state,"+/-10,015",90,"187,366",23
50000US0101,"Congressional District 1 (113th Congress), Alabama",DP02,"Born in Puerto Rico, U.S. Island areas, or born abroad to American parent(s)","+/-1,327",91,"3,633",24
50000US0101,"Congressional District 1 (113th Congress), Alabama",DP02,Foreign born,"+/-2,897",92,"21,492",25
50000US0101,"Congressional District 1 (113th Congress), Alabama",DP02,U.S. CITIZENSHIP STATUS,,92.5,3.12,26
50000US0101,"Congressional District 1 (113th Congress), Alabama",DP02,Foreign-born population,"+/-2,897",93,"21,492",27
50000US0101,"Congressional District 1 (113th Congress), Alabama",DP02,Naturalized U.S. citizen,"+/-2,357",94,"10,414",28
50000US0101,"Congressional District 1 (113th Congress), Alabama",DP02,Not a U.S. citizen,"+/-2,377",95,"11,078",29
50000US0101,"Congressional District 1 (113th Congress), Alabama",DP02,YEAR OF ENTRY,,95.5,3.12,30
50000US0101,"Congressional District 1 (113th Congress), Alabama",DP02,Population born outside the United States,"+/-3,085",96,"25,125",31
50000US0101,"Congressional District 1 (113th Congress), Alabama",DP02,Native,"+/-1,327",97,"3,633",32
50000US0101,"Congressional District 1 (113th Congress), Alabama",DP02,Entered 2000 or later,+/-342,98,458,33
50000US0101,"Congressional District 1 (113th Congress), Alabama",DP02,Entered before 2000,"+/-1,180",99,"3,175",34
50000US0101,"Congressional District 1 (113th Congress), Alabama",DP02,Foreign born,"+/-2,897",100,"21,492",35
50000US0101,"Congressional District 1 (113th Congress), Alabama",DP02,Entered 2000 or later,"+/-2,100",101,"10,537",36
50000US0101,"Congressional District 1 (113th Congress), Alabama",DP02,Entered before 2000,"+/-1,869",102,"10,955",37
50000US0101,"Congressional District 1 (113th Congress), Alabama",DP02,WORLD REGION OF BIRTH OF FOREIGN BORN,,102.5,"10,955",38
50000US0101,"Congressional District 1 (113th Congress), Alabama",DP02,"Foreign-born population, excluding population born at sea",N,103,"10,955",39
50000US0101,"Congressional District 1 (113th Congress), Alabama",DP02,Europe,N,104,"10,955",40
50000US0101,"Congressional District 1 (113th Congress), Alabama",DP02,Asia,N,105,"10,955",41
50000US0101,"Congressional District 1 (113th Congress), Alabama",DP02,Africa,N,106,"10,955",42
50000US0101,"Congressional District 1 (113th Congress), Alabama",DP02,Oceania,N,107,"10,955",43
50000US0101,"Congressional District 1 (113th Congress), Alabama",DP02,Latin America,N,108,"10,955",44
50000US0101,"Congressional District 1 (113th Congress), Alabama",DP02,Northern America,N,109,"10,955",45
50000US0101,"Congressional District 1 (113th Congress), Alabama",DP02,LANGUAGE SPOKEN AT HOME,,109.5,"10,955",46
50000US0101,"Congressional District 1 (113th Congress), Alabama",DP02,Population 5 years and over,"+/-3,522",110,"645,133",47
50000US0101,"Congressional District 1 (113th Congress), Alabama",DP02,English only,"+/-4,063",111,"615,249",48
50000US0101,"Congressional District 1 (113th Congress), Alabama",DP02,Language other than English,"+/-3,280",112,"29,884",49
50000US0101,"Congressional District 1 (113th Congress), Alabama",DP02,"Speak English less than ""very well""","+/-2,876",113,"12,345",50
50000US0101,"Congressional District 1 (113th Congress), Alabama",DP02,Spanish,"+/-2,549",114,"15,388",51
50000US0101,"Congressional District 1 (113th Congress), Alabama",DP02,"Speak English less than ""very well""","+/-2,313",115,"7,165",52
50000US0101,"Congressional District 1 (113th Congress), Alabama",DP02,Other Indo-European languages,"+/-1,802",116,"6,613",53
50000US0101,"Congressional District 1 (113th Congress), Alabama",DP02,"Speak English less than ""very well""","+/-1,120",117,"1,590",54
50000US0101,"Congressional District 1 (113th Congress), Alabama",DP02,Asian and Pacific Islander languages,"+/-1,260",118,"6,448",55
50000US0101,"Congressional District 1 (113th Congress), Alabama",DP02,"Speak English less than ""very well""","+/-1,044",119,"2,687",56
50000US0101,"Congressional District 1 (113th Congress), Alabama",DP02,Other languages,+/-913,120,"1,435",57
50000US0101,"Congressional District 1 (113th Congress), Alabama",DP02,"Speak English less than ""very well""",+/-780,121,903,58
50000US0101,"Congressional District 1 (113th Congress), Alabama",DP02,ANCESTRY,,121.5,903,59
50000US0101,"Congressional District 1 (113th Congress), Alabama",DP02,Total population,"+/-3,276",122,"689,110",60
50000US0101,"Congressional District 1 (113th Congress), Alabama",DP02,American,"+/-7,060",123,"88,010",61
50000US0101,"Congressional District 1 (113th Congress), Alabama",DP02,Arab,+/-939,124,"1,674",62
50000US0101,"Congressional District 1 (113th Congress), Alabama",DP02,Czech,+/-284,125,325,63
50000US0101,"Congressional District 1 (113th Congress), Alabama",DP02,Danish,+/-858,126,926,64
50000US0101,"Congressional District 1 (113th Congress), Alabama",DP02,Dutch,"+/-2,501",127,"7,976",65
50000US0101,"Congressional District 1 (113th Congress), Alabama",DP02,English,"+/-6,223",128,"62,101",66
50000US0101,"Congressional District 1 (113th Congress), Alabama",DP02,French (except Basque),"+/-3,785",129,"21,688",67
50000US0101,"Congressional District 1 (113th Congress), Alabama",DP02,French Canadian,"+/-1,696",130,"3,211",68
50000US0101,"Congressional District 1 (113th Congress), Alabama",DP02,German,"+/-7,215",131,"68,439",69
50000US0101,"Congressional District 1 (113th Congress), Alabama",DP02,Greek,+/-821,132,"1,260",70
50000US0101,"Congressional District 1 (113th Congress), Alabama",DP02,Hungarian,+/-851,133,"1,305",71
50000US0101,"Congressional District 1 (113th Congress), Alabama",DP02,Irish,"+/-7,474",134,"74,836",72
50000US0101,"Congressional District 1 (113th Congress), Alabama",DP02,Italian,"+/-3,316",135,"17,431",73
50000US0101,"Congressional District 1 (113th Congress), Alabama",DP02,Lithuanian,+/-438,136,546,74
50000US0101,"Congressional District 1 (113th Congress), Alabama",DP02,Norwegian,"+/-2,161",137,"4,665",75
50000US0101,"Congressional District 1 (113th Congress), Alabama",DP02,Polish,"+/-1,327",138,"2,996",76
50000US0101,"Congressional District 1 (113th Congress), Alabama",DP02,Portuguese,+/-674,139,"1,053",77
50000US0101,"Congressional District 1 (113th Congress), Alabama",DP02,Russian,+/-642,140,"1,173",78
50000US0101,"Congressional District 1 (113th Congress), Alabama",DP02,Scotch-Irish,"+/-2,200",141,"10,209",79
50000US0101,"Congressional District 1 (113th Congress), Alabama",DP02,Scottish,"+/-3,666",142,"14,726",80
50000US0101,"Congressional District 1 (113th Congress), Alabama",DP02,Slovak,+/-361,143,402,81
50000US0101,"Congressional District 1 (113th Congress), Alabama",DP02,Subsaharan African,+/-950,144,"3,247",82
50000US0101,"Congressional District 1 (113th Congress), Alabama",DP02,Swedish,"+/-1,396",145,"3,635",83
50000US0101,"Congressional District 1 (113th Congress), Alabama",DP02,Swiss,+/-769,146,"1,256",84
50000US0101,"Congressional District 1 (113th Congress), Alabama",DP02,Ukrainian,+/-240,147,281,85
50000US0101,"Congressional District 1 (113th Congress), Alabama",DP02,Welsh,"+/-1,040",148,"2,466",86
50000US0101,"Congressional District 1 (113th Congress), Alabama",DP02,West Indian (excluding Hispanic origin groups),+/-527,149,658,87
50000US0102,"Congressional District 2 (113th Congress), Alabama",DP02,SELECTED SOCIAL CHARACTERISTICS IN THE UNITED STATES,,0,658,88
50000US0102,"Congressional District 2 (113th Congress), Alabama",DP02,SELECTED SOCIAL CHARACTERISTICS IN THE UNITED STATES,,0.5,658,89
50000US0102,"Congressional District 2 (113th Congress), Alabama",DP02,HOUSEHOLDS BY TYPE,,0.8,658,90
50000US0102,"Congressional District 2 (113th Congress), Alabama",DP02,Total households,"+/-3,370",1,"257,657",91
50000US0102,"Congressional District 2 (113th Congress), Alabama",DP02,Family households (families),"+/-3,276",2,"173,602",92
50000US0102,"Congressional District 2 (113th Congress), Alabama",DP02,With own children under 18 years,"+/-2,778",3,"72,310",93
50000US0102,"Congressional District 2 (113th Congress), Alabama",DP02,Married-couple family,"+/-3,398",4,"121,584",94
50000US0102,"Congressional District 2 (113th Congress), Alabama",DP02,With own children under 18 years,"+/-2,494",5,"43,286",95
50000US0102,"Congressional District 2 (113th Congress), Alabama",DP02,"Male householder, no wife present, family","+/-1,510",6,"10,111",96
50000US0102,"Congressional District 2 (113th Congress), Alabama",DP02,With own children under 18 years,"+/-1,118",7,"4,906",97
50000US0102,"Congressional District 2 (113th Congress), Alabama",DP02,"Female householder, no husband present, family","+/-2,543",8,"41,907",98
50000US0102,"Congressional District 2 (113th Congress), Alabama",DP02,With own children under 18 years,"+/-2,007",9,"24,118",99
50000US0102,"Congressional District 2 (113th Congress), Alabama",DP02,Nonfamily households,"+/-3,427",10,"84,055",100
50000US0102,"Congressional District 2 (113th Congress), Alabama",DP02,Householder living alone,"+/-3,520",11,"73,264",101
50000US0102,"Congressional District 2 (113th Congress), Alabama",DP02,65 years and over,"+/-1,600",12,"27,253",102
50000US0102,"Congressional District 2 (113th Congress), Alabama",DP02,Households with one or more people under 18 years,"+/-2,968",13,"83,500",103
50000US0102,"Congressional District 2 (113th Congress), Alabama",DP02,Households with one or more people 65 years and over,"+/-1,714",14,"68,813",104
50000US0102,"Congressional District 2 (113th Congress), Alabama",DP02,Average household size,+/-0.04,15,2.56,105
50000US0102,"Congressional District 2 (113th Congress), Alabama",DP02,Average family size,+/-0.06,16,3.15,106
50000US0102,"Congressional District 2 (113th Congress), Alabama",DP02,RELATIONSHIP,,16.5,3.15,107
50000US0102,"Congressional District 2 (113th Congress), Alabama",DP02,Population in households,"+/-7,427",17,"659,065",108
50000US0102,"Congressional District 2 (113th Congress), Alabama",DP02,Householder,"+/-3,370",18,"257,657",109
50000US0102,"Congressional District 2 (113th Congress), Alabama",DP02,Spouse,"+/-3,589",19,"121,630",110
50000US0102,"Congressional District 2 (113th Congress), Alabama",DP02,Child,"+/-7,087",20,"199,722",111
50000US0102,"Congressional District 2 (113th Congress), Alabama",DP02,Other relatives,"+/-4,290",21,"51,593",112
50000US0102,"Congressional District 2 (113th Congress), Alabama",DP02,Nonrelatives,"+/-3,006",22,"28,463",113
50000US0102,"Congressional District 2 (113th Congress), Alabama",DP02,Unmarried partner,"+/-1,516",23,"9,893",114
50000US0102,"Congressional District 2 (113th Congress), Alabama",DP02,MARITAL STATUS,,23.5,"9,893",115
50000US0102,"Congressional District 2 (113th Congress), Alabama",DP02,Males 15 years and over,"+/-3,377",24,"260,599",116
50000US0102,"Congressional District 2 (113th Congress), Alabama",DP02,Never married,"+/-3,122",25,"85,030",117
50000US0102,"Congressional District 2 (113th Congress), Alabama",DP02,"Now married, except separated","+/-3,414",26,"132,493",118
50000US0102,"Congressional District 2 (113th Congress), Alabama",DP02,Separated,"+/-1,203",27,"6,112",119
50000US0102,"Congressional District 2 (113th Congress), Alabama",DP02,Widowed,"+/-1,196",28,"7,738",120
50000US0102,"Congressional District 2 (113th Congress), Alabama",DP02,Divorced,"+/-2,016",29,"29,226",121
50000US0102,"Congressional District 2 (113th Congress), Alabama",DP02,Females 15 years and over,"+/-3,567",30,"285,477",122
50000US0102,"Congressional District 2 (113th Congress), Alabama",DP02,Never married,"+/-3,823",31,"73,394",123
50000US0102,"Congressional District 2 (113th Congress), Alabama",DP02,"Now married, except separated","+/-4,129",32,"128,040",124
50000US0102,"Congressional District 2 (113th Congress), Alabama",DP02,Separated,"+/-1,478",33,"10,979",125
50000US0102,"Congressional District 2 (113th Congress), Alabama",DP02,Widowed,"+/-1,898",34,"31,866",126
50000US0102,"Congressional District 2 (113th Congress), Alabama",DP02,Divorced,"+/-2,445",35,"41,198",127
50000US0102,"Congressional District 2 (113th Congress), Alabama",DP02,FERTILITY,,35.5,"41,198",128
50000US0102,"Congressional District 2 (113th Congress), Alabama",DP02,Number of women 15 to 50 years old who had a birth in the past 12 months,"+/-1,796",36,"12,438",129
50000US0102,"Congressional District 2 (113th Congress), Alabama",DP02,"Unmarried women (widowed, divorced, and never married)","+/-1,402",37,"6,912",130
50000US0102,"Congressional District 2 (113th Congress), Alabama",DP02,"Per 1,000 unmarried women",+/-15,38,77,131
50000US0102,"Congressional District 2 (113th Congress), Alabama",DP02,"Per 1,000 women 15 to 50 years old",+/-11,39,76,132
50000US0102,"Congressional District 2 (113th Congress), Alabama",DP02,"Per 1,000 women 15 to 19 years old",+/-23,40,48,133
50000US0102,"Congressional District 2 (113th Congress), Alabama",DP02,"Per 1,000 women 20 to 34 years old",+/-23,41,133,134
50000US0102,"Congressional District 2 (113th Congress), Alabama",DP02,"Per 1,000 women 35 to 50 years old",+/-8,42,31,135
50000US0102,"Congressional District 2 (113th Congress), Alabama",DP02,GRANDPARENTS,,42.5,31,136
50000US0102,"Congressional District 2 (113th Congress), Alabama",DP02,Number of grandparents living with own grandchildren under 18 years,"+/-2,271",43,"17,961",137
50000US0102,"Congressional District 2 (113th Congress), Alabama",DP02,Responsible for grandchildren,"+/-1,637",44,"9,926",44.9
50000US0102,"Congressional District 2 (113th Congress), Alabama",DP02,Years responsible for grandchildren,,44.9,31,51.5
50000US0102,"Congressional District 2 (113th Congress), Alabama",DP02,Less than 1 year,+/-903,45,"2,593",58.1
50000US0102,"Congressional District 2 (113th Congress), Alabama",DP02,1 or 2 years,+/-712,46,"2,063",64.7
50000US0102,"Congressional District 2 (113th Congress), Alabama",DP02,3 or 4 years,+/-484,47,"1,389",71.3
50000US0102,"Congressional District 2 (113th Congress), Alabama",DP02,5 or more years,"+/-1,037",48,"3,881",77.9
50000US0102,"Congressional District 2 (113th Congress), Alabama",DP02,Number of grandparents responsible for own grandchildren under 18 years,"+/-1,637",49,"9,926",84.5
50000US0102,"Congressional District 2 (113th Congress), Alabama",DP02,Who are female,"+/-1,184",50,"6,751",91.1
50000US0102,"Congressional District 2 (113th Congress), Alabama",DP02,Who are married,"+/-1,442",51,"7,143",97.7
50000US0102,"Congressional District 2 (113th Congress), Alabama",DP02,SCHOOL ENROLLMENT,,51.5,31,104.3
50000US0102,"Congressional District 2 (113th Congress), Alabama",DP02,Population 3 years and over enrolled in school,"+/-4,748",52,"171,120",110.9
50000US0102,"Congressional District 2 (113th Congress), Alabama",DP02,"Nursery school, preschool","+/-1,379",53,"8,109",117.5
50000US0102,"Congressional District 2 (113th Congress), Alabama",DP02,Kindergarten,"+/-1,661",54,"10,788",124.1
50000US0102,"Congressional District 2 (113th Congress), Alabama",DP02,Elementary school (grades 1-8),"+/-3,185",55,"73,299",130.7
50000US0102,"Congressional District 2 (113th Congress), Alabama",DP02,High school (grades 9-12),"+/-2,412",56,"39,044",137.3
50000US0102,"Congressional District 2 (113th Congress), Alabama",DP02,College or graduate school,"+/-3,025",57,"39,880",143.9
50000US0102,"Congressional District 2 (113th Congress), Alabama",DP02,EDUCATIONAL ATTAINMENT,,57.5,31,150.5
50000US0102,"Congressional District 2 (113th Congress), Alabama",DP02,Population 25 years and over,"+/-5,103",58,"452,332",157.1
50000US0102,"Congressional District 2 (113th Congress), Alabama",DP02,Less than 9th grade,"+/-2,403",59,"26,299",163.7
50000US0102,"Congressional District 2 (113th Congress), Alabama",DP02,"9th to 12th grade, no diploma","+/-3,457",60,"53,112",170.3
50000US0102,"Congressional District 2 (113th Congress), Alabama",DP02,High school graduate (includes equivalency),"+/-4,613",61,"144,594",176.9
50000US0102,"Congressional District 2 (113th Congress), Alabama",DP02,"Some college, no degree","+/-4,547",62,"98,620",183.5
50000US0102,"Congressional District 2 (113th Congress), Alabama",DP02,Associate's degree,"+/-2,776",63,"36,244",190.1
50000US0102,"Congressional District 2 (113th Congress), Alabama",DP02,Bachelor's degree,"+/-3,357",64,"60,819",196.7
50000US0102,"Congressional District 2 (113th Congress), Alabama",DP02,Graduate or professional degree,"+/-3,095",65,"32,644",203.3
50000US0102,"Congressional District 2 (113th Congress), Alabama",DP02,Percent high school graduate or higher,+/-0.9,66,82.4,209.9
50000US0102,"Congressional District 2 (113th Congress), Alabama",DP02,Percent bachelor's degree or higher,+/-0.9,67,20.7,216.5
50000US0102,"Congressional District 2 (113th Congress), Alabama",DP02,VETERAN STATUS,,67.5,31,223.1
50000US0102,"Congressional District 2 (113th Congress), Alabama",DP02,Civilian population 18 years and over,"+/-5,602",68,"511,593",229.7
50000US0102,"Congressional District 2 (113th Congress), Alabama",DP02,Civilian veterans,"+/-3,403",69,"70,401",236.3
50000US0102,"Congressional District 2 (113th Congress), Alabama",DP02,DISABILITY STATUS OF THE CIVILIAN NONINSTITUTIONALIZED POPULATION,,69.5,31,242.9
50000US0102,"Congressional District 2 (113th Congress), Alabama",DP02,Total Civilian Noninstitutionalized Population,"+/-7,445",70,"658,101",249.5
50000US0102,"Congressional District 2 (113th Congress), Alabama",DP02,With a disability,"+/-4,842",71,"117,193",256.1
50000US0102,"Congressional District 2 (113th Congress), Alabama",DP02,Under 18 years,"+/-3,551",72,"160,893",262.7
50000US0102,"Congressional District 2 (113th Congress), Alabama",DP02,With a disability,"+/-2,168",73,"11,582",269.3
50000US0102,"Congressional District 2 (113th Congress), Alabama",DP02,18 to 64 years,"+/-5,797",74,"402,005",275.9
50000US0102,"Congressional District 2 (113th Congress), Alabama",DP02,With a disability,"+/-3,821",75,"64,399",282.5
50000US0102,"Congressional District 2 (113th Congress), Alabama",DP02,65 years and over,"+/-1,753",76,"95,203",289.1
50000US0102,"Congressional District 2 (113th Congress), Alabama",DP02,With a disability,"+/-1,902",77,"41,212",295.7
50000US0102,"Congressional District 2 (113th Congress), Alabama",DP02,RESIDENCE 1 YEAR AGO,,77.5,31,302.3
50000US0102,"Congressional District 2 (113th Congress), Alabama",DP02,Population 1 year and over,"+/-6,927",78,"670,635",308.9
50000US0102,"Congressional District 2 (113th Congress), Alabama",DP02,Same house,"+/-9,802",79,"558,724",315.5
50000US0102,"Congressional District 2 (113th Congress), Alabama",DP02,Different house in the U.S.,"+/-8,519",80,"109,178",322.1
50000US0102,"Congressional District 2 (113th Congress), Alabama",DP02,Same county,"+/-5,833",81,"56,621",328.7
50000US0102,"Congressional District 2 (113th Congress), Alabama",DP02,Different county,"+/-5,635",82,"52,557",335.3
50000US0102,"Congressional District 2 (113th Congress), Alabama",DP02,Same state,"+/-3,644",83,"27,724",341.9
50000US0102,"Congressional District 2 (113th Congress), Alabama",DP02,Different state,"+/-4,075",84,"24,833",348.5
50000US0102,"Congressional District 2 (113th Congress), Alabama",DP02,Abroad,"+/-1,123",85,"2,733",355.1
50000US0102,"Congressional District 2 (113th Congress), Alabama",DP02,PLACE OF BIRTH,,85.5,31,361.7
50000US0102,"Congressional District 2 (113th Congress), Alabama",DP02,Total population,"+/-7,137",86,"678,860",368.3
50000US0102,"Congressional District 2 (113th Congress), Alabama",DP02,Native,"+/-7,551",87,"661,082",374.9
50000US0102,"Congressional District 2 (113th Congress), Alabama",DP02,Born in United States,"+/-7,746",88,"653,572",381.5
50000US0102,"Congressional District 2 (113th Congress), Alabama",DP02,State of residence,"+/-8,332",89,"469,398",388.1
50000US0102,"Congressional District 2 (113th Congress), Alabama",DP02,Different state,"+/-6,860",90,"184,174",394.7
50000US0102,"Congressional District 2 (113th Congress), Alabama",DP02,"Born in Puerto Rico, U.S. Island areas, or born abroad to American parent(s)","+/-1,558",91,"7,510",401.3
50000US0102,"Congressional District 2 (113th Congress), Alabama",DP02,Foreign born,"+/-2,616",92,"17,778",407.9
50000US0102,"Congressional District 2 (113th Congress), Alabama",DP02,U.S. CITIZENSHIP STATUS,,92.5,31,414.5
50000US0102,"Congressional District 2 (113th Congress), Alabama",DP02,Foreign-born population,"+/-2,616",93,"17,778",421.1
50000US0102,"Congressional District 2 (113th Congress), Alabama",DP02,Naturalized U.S. citizen,"+/-1,164",94,"6,157",427.7
50000US0102,"Congressional District 2 (113th Congress), Alabama",DP02,Not a U.S. citizen,"+/-2,309",95,"11,621",434.3
50000US0102,"Congressional District 2 (113th Congress), Alabama",DP02,YEAR OF ENTRY,,95.5,31,440.9
50000US0102,"Congressional District 2 (113th Congress), Alabama",DP02,Population born outside the United States,"+/-2,937",96,"25,288",447.5
50000US0102,"Congressional District 2 (113th Congress), Alabama",DP02,Native,"+/-1,558",97,"7,510",454.1
50000US0102,"Congressional District 2 (113th Congress), Alabama",DP02,Entered 2000 or later,+/-533,98,"1,467",460.7
50000US0102,"Congressional District 2 (113th Congress), Alabama",DP02,Entered before 2000,"+/-1,518",99,"6,043",467.3
50000US0102,"Congressional District 2 (113th Congress), Alabama",DP02,Foreign born,"+/-2,616",100,"17,778",473.9
50000US0102,"Congressional District 2 (113th Congress), Alabama",DP02,Entered 2000 or later,"+/-2,013",101,"8,817",480.5
50000US0102,"Congressional District 2 (113th Congress), Alabama",DP02,Entered before 2000,"+/-1,500",102,"8,961",487.1
50000US0102,"Congressional District 2 (113th Congress), Alabama",DP02,WORLD REGION OF BIRTH OF FOREIGN BORN,,102.5,,493.7
50000US0102,"Congressional District 2 (113th Congress), Alabama",DP02,"Foreign-born population, excluding population born at sea",N,103,,500.3
50000US0102,"Congressional District 2 (113th Congress), Alabama",DP02,Europe,N,104,,506.9
50000US0102,"Congressional District 2 (113th Congress), Alabama",DP02,Asia,N,105,,513.5
50000US0102,"Congressional District 2 (113th Congress), Alabama",DP02,Africa,N,106,,520.1
50000US0102,"Congressional District 2 (113th Congress), Alabama",DP02,Oceania,N,107,,526.7
50000US0102,"Congressional District 2 (113th Congress), Alabama",DP02,Latin America,N,108,,533.3
50000US0102,"Congressional District 2 (113th Congress), Alabama",DP02,Northern America,N,109,,539.9
50000US0102,"Congressional District 2 (113th Congress), Alabama",DP02,LANGUAGE SPOKEN AT HOME,,109.5,,546.5
50000US0102,"Congressional District 2 (113th Congress), Alabama",DP02,Population 5 years and over,"+/-6,563",110,"636,398",553.1
50000US0102,"Congressional District 2 (113th Congress), Alabama",DP02,English only,"+/-7,159",111,"606,943",559.7
50000US0102,"Congressional District 2 (113th Congress), Alabama",DP02,Language other than English,"+/-3,665",112,"29,455",1101
50000US0102,"Congressional District 2 (113th Congress), Alabama",DP02,"Speak English less than ""very well""","+/-2,242",113,"12,526",1102
50000US0102,"Congressional District 2 (113th Congress), Alabama",DP02,Spanish,"+/-2,349",114,"19,204",1103
50000US0102,"Congressional District 2 (113th Congress), Alabama",DP02,"Speak English less than ""very well""","+/-1,688",115,"8,016",1104
50000US0102,"Congressional District 2 (113th Congress), Alabama",DP02,Other Indo-European languages,"+/-1,126",116,"3,780",1105
50000US0102,"Congressional District 2 (113th Congress), Alabama",DP02,"Speak English less than ""very well""",+/-618,117,"1,325",1106
50000US0102,"Congressional District 2 (113th Congress), Alabama",DP02,Asian and Pacific Islander languages,"+/-1,993",118,"6,203",1107
50000US0102,"Congressional District 2 (113th Congress), Alabama",DP02,"Speak English less than ""very well""","+/-1,194",119,"3,118",1108
